host,ip,port,protocol,title,domain
mybank.cn,119.42.247.138,80,http,301 Moved Permanently,mybank.cn
www.mybank.cn,119.42.240.130,80,http,301 Moved Permanently,mybank.cn
https://bkjusticeportal-gray.mybank.cn,119.42.240.160,443,https,502 Bad Gateway,mybank.cn
open-access-public-pc.mybank.cn,119.42.240.130,80,http,,mybank.cn
alipay-manager-site.mybank.cn,119.42.247.138,80,http,,mybank.cn
bkbusopservice-gray.mybank.cn,119.42.247.150,80,http,,mybank.cn
https://alipay-manager-site.mybank.cn,119.42.240.130,443,https,,mybank.cn
https://bkbusopservice-gray.mybank.cn,119.42.240.160,443,https,,mybank.cn
onlinetestg0202.mybank.cn,119.42.240.160,80,http,404 Not Found,mybank.cn
https://onlinetestg0202.mybank.cn,119.42.240.160,443,https,404 Not Found,mybank.cn
bkjusticeportal-gray.mybank.cn,119.42.247.150,80,http,502 Bad Gateway,mybank.cn
https://open-access-public-pc.mybank.cn,119.42.240.130,443,https,,mybank.cn
bksmartcounty-gray.mybank.cn,119.42.240.160,80,http,404 Not Found,mybank.cn
https://bkpdcaliyungw-pre.mybank.cn,119.42.240.140,443,https,,mybank.cn
https://bksmartcounty-gray.mybank.cn,119.42.247.150,443,https,404 Not Found,mybank.cn
bkpdcaliyungw-pre.mybank.cn,119.42.240.140,80,http,,mybank.cn
mobilehelp.mybank.cn,119.42.240.130,80,http,404 Not Found,mybank.cn
https://login.mybank.cn,119.42.247.138,443,https,网商银行,mybank.cn
https://mobilehelp.mybank.cn,119.42.247.138,443,https,404 Not Found,mybank.cn
loan.mybank.cn,119.42.247.138,80,http,网商银行,mybank.cn
https://www.mybank.cn,119.42.240.130,443,https,网商银行 无微不至,mybank.cn
https://a.mybank.cn,119.42.240.130,443,https,支付宝钱包,mybank.cn
https://render.mybank.cn,113.96.181.224,443,https,,mybank.cn
https://mybank.cn,110.76.58.22,443,https,网商银行 无微不至,mybank.cn
https://loan.mybank.cn,119.42.247.138,443,https,网商银行,mybank.cn
https://kcart.mybank.cn,203.209.245.120,443,https,,mybank.cn
login.mybank.cn.yerlinet.com,147.255.81.49,80,http,,yerlinet.com
https://wangshangdai.mybank.cn,110.76.54.32,443,https,302 Found,mybank.cn
wangshangdai.mybank.cn,110.76.54.32,80,http,301 Moved Permanently,mybank.cn
instcoop.mybank.cn,106.225.232.239,80,http,,mybank.cn
https://instcoop.mybank.cn,113.16.214.224,443,https,,mybank.cn
open-access-outside-pc.mybank.cn,119.42.240.130,80,http,301 Moved Permanently,mybank.cn
bkriskyunyan.mybank.cn,106.225.232.240,80,http,,mybank.cn
https://benchnextmng.mybank.cn,110.76.54.11,443,https,,mybank.cn
https://open-access-outside-pc.mybank.cn,119.42.240.130,443,https,,mybank.cn
antbspp-fe.mybank.cn,119.42.240.130,80,http,301 Moved Permanently,mybank.cn
https://antbspp-fe.mybank.cn,119.42.240.130,443,https,302 Found,mybank.cn
benchnextmng.mybank.cn,110.76.54.11,80,http,,mybank.cn
https://fcsupergwlite.mybank.cn,110.76.58.70,443,https,302 Found,mybank.cn
fcsupergwlite.mybank.cn,110.76.58.70,80,http,,mybank.cn
https://fcopen.mybank.cn,110.76.58.18,443,https,,mybank.cn
mybank.cn:18080,110.76.58.22,18080,roku,,mybank.cn
login.mybank.cn,110.76.58.38,80,http,301 Moved Permanently,mybank.cn
a.mybank.cn,110.76.58.30,80,http,301 Moved Permanently,mybank.cn
e.mybank.cn,110.76.58.30,80,http,301 Moved Permanently,mybank.cn
wbsubdomain.a.bb.ccc.dddd.www.mybank.cn.gdzlwj.com,103.106.160.173,80,http,,gdzlwj.com
what.website.www.mybank.cn.gdzlwj.com,103.106.160.173,80,http,,gdzlwj.com
https://ark-mpa.mybank.cn,119.42.240.180,443,https,,mybank.cn
https://bkfinance-site.mybank.cn,119.42.240.180,443,https,,mybank.cn
https://bkternbaseopen-prod.mybank.cn,119.42.240.180,443,https,,mybank.cn
bkfinance-site.mybank.cn,119.42.240.180,80,http,301 Moved Permanently,mybank.cn
huikuanbao-pc.mybank.cn,119.42.240.180,80,http,301 Moved Permanently,mybank.cn
https://sslvpn.mybank.cn,110.76.30.2,443,https,,mybank.cn
https://bkpdcaliyungw.mybank.cn,119.42.240.180,443,https,,mybank.cn
bkternbaseopen-prod.mybank.cn,119.42.240.180,80,http,301 Moved Permanently,mybank.cn
https://huikuanbao-pc.mybank.cn,119.42.240.180,443,https,,mybank.cn
bigdata.mybank.cn,110.76.30.2,80,http,大数据平台,mybank.cn
ark-mpa.mybank.cn,119.42.240.180,80,http,301 Moved Permanently,mybank.cn
bkcounty-screen.mybank.cn,119.42.240.180,80,http,301 Moved Permanently,mybank.cn
sslvpn.mybank.cn,110.76.30.2,80,http,,mybank.cn
https://auth.mybank.cn,110.76.30.2,443,https,统一登录中心,mybank.cn
bkpdcaliyungw.mybank.cn,119.42.240.180,80,http,301 Moved Permanently,mybank.cn
https://bigdata.mybank.cn,110.76.30.2,443,https,大数据平台,mybank.cn
auth.mybank.cn,110.76.30.2,80,http,统一登录中心,mybank.cn
https://bkcounty-screen.mybank.cn,119.42.240.180,443,https,,mybank.cn
mybank.cn:8885,110.76.58.22,8885,jdwp,,mybank.cn
ifin.mybank.cn,110.76.58.39,80,http,,mybank.cn
https://ifin.mybank.cn,110.76.58.39,443,https,302 Found,mybank.cn
https://e.mybank.cn,110.76.58.30,443,https,302 Found,mybank.cn
loan.mybank.cn.co,64.190.63.111,80,http,403 Forbidden,cn.co
b-stmt-site.mybank.cn,119.42.240.180,80,http,301 Moved Permanently,mybank.cn
www.mybank.cn.ck11.cn,23.224.111.102,80,http,404 Not Found,ck11.cn
www.mybank.cn.in42.cn,23.108.176.31,80,http,404 Not Found,in42.cn
https://b-deposit-site.mybank.cn,119.42.240.180,443,https,,mybank.cn
b-deposit-site.mybank.cn,119.42.240.180,80,http,301 Moved Permanently,mybank.cn
https://b-stmt-site.mybank.cn,119.42.240.180,443,https,,mybank.cn
mybank.cn.ukerugijutsu.com,107.187.187.134,80,http,404 Not Found,ukerugijutsu.com
bkpdc-pre.mybank.cn,101.37.40.182,80,http,405,mybank.cn
bkenterpriseweb.mybank.cn,119.42.240.180,80,http,301 Moved Permanently,mybank.cn
ark-portal.mybank.cn,119.42.240.180,80,http,301 Moved Permanently,mybank.cn
mybank-tax-cert-v-pre.mybank.cn,119.42.240.182,80,http,301 Moved Permanently,mybank.cn
https://netd-pre.mybank.cn,119.42.240.182,443,https,Mybank,mybank.cn
https://bkpdc-sit.mybank.cn,101.37.40.182,443,https,阿里云 Web应用防火墙,mybank.cn
https://bkjusticeportal.mybank.cn,119.42.240.180,443,https,,mybank.cn
bkjusticeportal.mybank.cn,119.42.240.180,80,http,301 Moved Permanently,mybank.cn
https://mybank-tax-cert-v-pre.mybank.cn,119.42.240.182,443,https,HTTP Status 404 – Not Found,mybank.cn
bkpdc-sit.mybank.cn,101.37.40.182,80,http,405,mybank.cn
bkfdrisk-stable.mybank.cn,165.160.13.20,80,http,,mybank.cn
bkenvtest-stable-sqa.mybank.cn,165.160.15.20,80,http,,mybank.cn
https://lvtongcenter.mybank.cn,119.42.240.180,443,https,,mybank.cn
https://bkpdc-pre.mybank.cn,101.37.40.182,443,https,阿里云 Web应用防火墙,mybank.cn
netd-pre.mybank.cn,119.42.240.182,80,http,301 Moved Permanently,mybank.cn
lvtongcenter.mybank.cn,119.42.240.180,80,http,301 Moved Permanently,mybank.cn
https://ark-portal.mybank.cn,119.42.240.180,443,https,方舟首页,mybank.cn
https://bkenterpriseweb.mybank.cn,119.42.240.180,443,https,,mybank.cn
rpaserver-ack-pub.mybank.cn,101.37.40.182,80,http,405,mybank.cn
https://smartdxb.mybank.cn,119.42.240.180,443,https,,mybank.cn
smartdxb.mybank.cn,119.42.240.180,80,http,301 Moved Permanently,mybank.cn
https://rpaserver-ack-pub.mybank.cn,101.37.40.182,443,https,阿里云 Web应用防火墙,mybank.cn
https://taxinvoicepcout.mybank.cn,119.42.240.180,443,https,网商贷,mybank.cn
taxinvoicepcout.mybank.cn,119.42.240.180,80,http,301 Moved Permanently,mybank.cn
https://telemarketing-crm.mybank.cn,119.42.240.180,443,https,,mybank.cn
rpaserver-ack-dev.mybank.cn,101.37.40.182,80,http,405,mybank.cn
telemarketing-crm.mybank.cn,119.42.240.180,80,http,301 Moved Permanently,mybank.cn
https://rpaserver-ack-dev.mybank.cn,101.37.40.182,443,https,阿里云 Web应用防火墙,mybank.cn
bkfdrisk-stable.mybank.cn,165.160.15.20,80,http,,mybank.cn
bkenvtest-stable-sqa.mybank.cn,165.160.13.20,80,http,,mybank.cn
mybank.cn:20000,110.76.58.22,20000,unknown,,mybank.cn
https://bkpdc.mybank.cn,101.37.40.182,443,https,阿里云 Web应用防火墙,mybank.cn
https://bkmpushlink-gray.mybank.cn,119.42.240.181,443,https,502 Bad Gateway,mybank.cn
https://bktop-pre.mybank.cn,119.42.240.182,443,https,302 Found,mybank.cn
bkpdc.mybank.cn,101.37.40.182,80,http,405,mybank.cn
bktop-pre.mybank.cn,119.42.240.182,80,http,301 Moved Permanently,mybank.cn
bkmpushlink-gray.mybank.cn,119.42.240.181,80,http,301 Moved Permanently,mybank.cn
bkpdc-dev.mybank.cn,101.37.40.182,80,http,405,mybank.cn
https://bkpdc-dev.mybank.cn,101.37.40.182,443,https,阿里云 Web应用防火墙,mybank.cn
www.mybank.cn:4072,110.76.54.12,4072,sassafras,,mybank.cn
supervisor.support.mybank.cn.80.x.ssrf.cc,144.34.182.142,80,http,,ssrf.cc
render.mybank.cn,119.96.90.231,80,http,301 Moved Permanently,mybank.cn
mybank.cn:18033,110.76.58.22,18033,unknown,,mybank.cn
https://b.mybank.cn,110.76.58.30,443,https,302 Found,mybank.cn
www.mybank.cn.cdec.cn,43.155.59.106,80,http,cdec.cn,cdec.cn
https://supervisor.render.mybank.cn.80.x.ssrf.cc,144.34.182.142,443,https,,ssrf.cc
supervisor.dev.mybank.cn.80.x.ssrf.cc,144.34.182.142,80,http,,ssrf.cc
https://supervisor.dev.mybank.cn.80.x.ssrf.cc,144.34.182.142,443,https,,ssrf.cc
enterprise.mybank.cn,110.76.58.39,80,http,网商银行,mybank.cn
fund.mybank.cn,110.76.54.5,80,http,,mybank.cn
https://bkgw.mybank.cn,110.76.58.70,443,https,302 Found,mybank.cn
bktop.mybank.cn,119.42.240.180,80,http,301 Moved Permanently,mybank.cn
https://mybank-tax-cert-v.mybank.cn,119.42.240.180,443,https,HTTP Status 404 – Not Found,mybank.cn
mybank-tax-cert-v.mybank.cn,119.42.240.180,80,http,301 Moved Permanently,mybank.cn
https://bkpromoweb.mybank.cn,119.42.240.180,443,https,,mybank.cn
https://backup.mybank.cn,110.76.30.2,443,https,出错了-404,mybank.cn
https://datadriver-sit.mybank.cn,101.37.40.182,443,https,阿里云 Web应用防火墙,mybank.cn
https://dingding.mybank.cn,119.42.240.180,443,https,网商银行,mybank.cn
backup.mybank.cn,110.76.30.2,80,http,出错了-404,mybank.cn
https://bkamdc.mybank.cn,110.76.58.39,443,https,302 Found,mybank.cn
dep.mybank.cn,58.49.248.116,80,http,,mybank.cn
https://fcopenpre.mybank.cn,119.42.240.182,443,https,,mybank.cn
https://bkmfs-pre.mybank.cn,119.42.240.182,443,https,302 Found,mybank.cn
https://cam-prod.mybank.cn,119.42.240.180,443,https,,mybank.cn
county-govt-pc.mybank.cn,119.42.240.180,80,http,301 Moved Permanently,mybank.cn
https://fcsupergwopen.mybank.cn,110.76.54.27,443,https,,mybank.cn
https://bkadaivr.mybank.cn,110.76.54.24,443,https,404 Not Found,mybank.cn
cam-prod.mybank.cn,119.42.240.180,80,http,301 Moved Permanently,mybank.cn
https://forum.mybank.cn,110.76.30.2,443,https,出错了-404,mybank.cn
dev.mybank.cn,110.76.30.2,80,http,出错了-404,mybank.cn
collect.mybank.cn,110.76.6.65,80,http,404 Not Found,mybank.cn
bkpromoweb.mybank.cn,119.42.240.180,80,http,301 Moved Permanently,mybank.cn
https://bkinferencecore.mybank.cn,110.76.54.24,443,https,302 Found,mybank.cn
https://bkfundtrain.mybank.cn,119.42.240.180,443,https,Bigfish,mybank.cn
bkmfs-pre.mybank.cn,119.42.240.182,80,http,,mybank.cn
fcsupergwopen.mybank.cn,110.76.58.18,80,http,,mybank.cn
forum.mybank.cn,110.76.30.2,80,http,出错了-404,mybank.cn
https://bkruralindustry.mybank.cn,119.42.240.180,443,https,网商县域工作台,mybank.cn
https://bkgwlite.mybank.cn,110.76.54.73,443,https,302 Found,mybank.cn
datadriver-sit.mybank.cn,101.37.40.182,80,http,405,mybank.cn
antbspp.mybank.cn,110.76.54.24,80,http,,mybank.cn
cfo.mybank.cn,116.55.237.237,80,http,,mybank.cn
https://county-govt-pc.mybank.cn,119.42.240.180,443,https,,mybank.cn
https://antbspp.mybank.cn,110.76.58.39,443,https,302 Found,mybank.cn
https://bksupergwopen.mybank.cn,110.76.54.27,443,https,,mybank.cn
https://collect.mybank.cn,110.76.30.13,443,https,404 Not Found,mybank.cn
bksupplychain-assets.mybank.cn,119.96.90.230,80,http,,mybank.cn
bkfundtrain.mybank.cn,119.42.240.180,80,http,301 Moved Permanently,mybank.cn
bkgw.mybank.cn,110.76.54.70,80,http,,mybank.cn
fckbase.mybank.cn,119.42.240.180,80,http,301 Moved Permanently,mybank.cn
https://bkfundata-prod.mybank.cn,119.42.240.180,443,https,,mybank.cn
artifvoice.mybank.cn,110.76.58.30,80,http,301 Moved Permanently,mybank.cn
bkstmtquery.mybank.cn,110.76.54.24,80,http,$TemplateTitle,mybank.cn
bkgwpre.mybank.cn,119.42.240.182,80,http,301 Moved Permanently,mybank.cn
https://amdc.mybank.cn,203.209.250.50,443,https,302 Found,mybank.cn
https://bkgwpre.mybank.cn,119.42.240.182,443,https,302 Found,mybank.cn
https://datadriver.mybank.cn,101.37.40.182,443,https,405,mybank.cn
fcopen.mybank.cn,110.76.58.18,80,http,,mybank.cn
https://datadriver-pre.mybank.cn,101.37.40.182,443,https,405,mybank.cn
amdc.mybank.cn,203.209.250.50,80,http,,mybank.cn
datadriver.mybank.cn,101.37.40.182,80,http,405,mybank.cn
bkgwlite.mybank.cn,110.76.58.64,80,http,,mybank.cn
https://fcivr.mybank.cn,110.76.54.24,443,https,302 Found,mybank.cn
bkpcgw.mybank.cn,110.76.58.12,80,http,,mybank.cn
fcivr.mybank.cn,110.76.58.39,80,http,404 Not Found,mybank.cn
datadriver-pre.mybank.cn,101.37.40.182,80,http,405,mybank.cn
1111.mybank.cn,116.55.237.237,80,http,,mybank.cn
https://fund.mybank.cn,110.76.54.5,443,https,302 Found,mybank.cn
https://bkstmtquery.mybank.cn,110.76.58.39,443,https,302 Found,mybank.cn
bksmartcounty.mybank.cn,119.42.240.180,80,http,301 Moved Permanently,mybank.cn
https://bksmartcounty.mybank.cn,119.42.240.180,443,https,,mybank.cn
eap.mybank.cn,119.42.240.180,80,http,,mybank.cn
https://bksupplychain-assets.mybank.cn,116.55.237.237,443,https,,mybank.cn
bkfundata-prod.mybank.cn,119.42.240.180,80,http,301 Moved Permanently,mybank.cn
https://eap.mybank.cn,119.42.240.180,443,https,302 Found,mybank.cn
58fcopen.mybank.cn,110.76.54.27,80,http,,mybank.cn
https://artifvoice.mybank.cn,110.76.58.30,443,https,302 Found,mybank.cn
b.mybank.cn,110.76.58.30,80,http,301 Moved Permanently,mybank.cn
https://fckbase.mybank.cn,119.42.240.180,443,https,302 Found,mybank.cn
https://cfo.mybank.cn,119.96.90.231,443,https,,mybank.cn
bkinferencecore.mybank.cn,110.76.58.39,80,http,,mybank.cn
https://enterprise.mybank.cn,110.76.58.39,443,https,302 Found,mybank.cn
https://bkpcgw.mybank.cn,110.76.58.12,443,https,302 Found,mybank.cn
https://cam.mybank.cn,119.42.240.180,443,https,302 Found,mybank.cn
https://cloudrpa.mybank.cn,110.76.54.24,443,https,302 Found,mybank.cn
bksupergwopen.mybank.cn,110.76.58.18,80,http,,mybank.cn
cloudrpa.mybank.cn,110.76.58.39,80,http,,mybank.cn
https://bksecuritylog.mybank.cn,119.42.240.180,443,https,404 Not Found,mybank.cn
bkeim.mybank.cn,119.42.240.180,80,http,301 Moved Permanently,mybank.cn
bkoffline-web.mybank.cn,119.42.240.180,80,http,301 Moved Permanently,mybank.cn
www.mybank.cn.htmlserialize.co,51.158.30.170,80,http,mybank.cn 网商银行 无微不至！,htmlserialize.co
mx1.mybank.cn:25,119.42.244.151,25,smtp,,mybank.cn
www.mybank.cn.auhr.cn,173.208.132.47,80,http,404 - 找不到文件或目录。,auhr.cn
bkmobilegw.mybank.cn.ac,3.139.159.151,80,http,cn.ac - This is a premium name,cn.ac
bkmobilegw.mybank.cn.dghjzx.cn:888,23.224.15.104,888,http,,dghjzx.cn
www.mybank.cn.by19.cn,35.190.42.17,80,http,,by19.cn
https://www.mybank.cn.c440.cn,38.147.177.221,443,https,恭喜，站点创建成功！,c440.cn
bkmobilesync.mybank.cn.ac,3.139.159.151,80,http,cn.ac - This is a premium name,cn.ac
www.mybank.cn.kanmi.cn,199.59.243.223,80,http,,kanmi.cn
www.mybank.cn.c440.cn,38.147.177.221,80,http,,c440.cn
https://dep.mybank.cn.p443.spel.l.ssrf.cc,144.34.182.142,443,https,,ssrf.cc
render.mybank.cn.p80.spel.l.ssrf.cc,144.34.182.142,80,http,,ssrf.cc
dep.mybank.cn.p443.spel.l.ssrf.cc,144.34.182.142,80,http,,ssrf.cc
wallet.mybank.cn,119.42.240.180,80,http,301 Moved Permanently,mybank.cn
m.mybank.cn,119.42.240.180,80,http,301 Moved Permanently,mybank.cn
https://render-pre.mybank.cn,110.75.231.10,443,https,,mybank.cn
piaoju.mybank.cn,110.76.30.76,80,http,301 Moved Permanently,mybank.cn
https://xhmsync.mybank.cn,110.76.58.53,443,https,404 Not Found,mybank.cn
xhmsync.mybank.cn,110.76.54.37,80,http,301 Moved Permanently,mybank.cn
https://supplychainglobalmng.mybank.cn,110.76.54.55,443,https,302 Found,mybank.cn
supplychainglobal.mybank.cn,110.76.54.24,80,http,404 Not Found,mybank.cn
https://supplychainglobal.mybank.cn,110.76.54.24,443,https,302 Found,mybank.cn
supplychainglobalmng.mybank.cn,110.76.58.17,80,http,404 Not Found,mybank.cn
support.mybank.cn,110.76.30.2,80,http,出错了-404,mybank.cn
https://support.mybank.cn,110.76.30.2,443,https,出错了-404,mybank.cn
render-pre.mybank.cn,110.75.231.10,80,http,301 Moved Permanently,mybank.cn
www.mybank.cn.auhr.cn,173.208.132.47,80,http,,auhr.cn
https://render.mybank.cn.p80.spel.l.ssrf.cc,144.34.182.142,443,https,,ssrf.cc
dep.mybank.cn.p80.spel.l.ssrf.cc,144.34.182.142,80,http,,ssrf.cc
https://dep.mybank.cn.p80.spel.l.ssrf.cc,144.34.182.142,443,https,,ssrf.cc
https://mpcpredictgateway.mybank.cn,119.42.240.248,443,https,,mybank.cn
https://mysm.mybank.cn,119.42.240.240,443,https,,mybank.cn
mybank.cn.cf93.cn,38.55.22.86,80,http,�����������緲9w,cf93.cn
www.mybank.cn.cf93.cn:7001,38.55.22.86,7001,http,�����������緲9w,cf93.cn
www.mybank.cn.cf93.cn:6669,38.55.22.86,6669,http,�����������緲9w,cf93.cn
www.mybank.cn.cf93.cn:4711,38.55.22.86,4711,http,�����������緲9w,cf93.cn
www.mybank.cn.cf93.cn:4711,38.55.22.86,4711,http,,cf93.cn
www.mybank.cn.cf93.cn:6669,38.55.22.86,6669,http,,cf93.cn
www.mybank.cn.cf93.cn:7001,38.55.22.86,7001,http,,cf93.cn
https://mpctraingatewaysbox.mybank.cn,119.42.240.251,443,https,,mybank.cn
https://mobilegwgm.mybank.cn,119.42.240.241,443,https,,mybank.cn
https://mpctraingateway.mybank.cn,119.42.240.249,443,https,,mybank.cn
https://mpcpredictgatewaybox.mybank.cn,119.42.240.250,443,https,,mybank.cn
https://mpcpredictgatewaybox.mybank.cn,119.42.240.250,443,https,401 Authorization Required,mybank.cn
www.mybank.cn.cn06.cn:47001,152.136.127.206,47001,http,Not Found,cn06.cn
https://fcopensm.mybank.cn,119.42.240.239,443,https,502 Bad Gateway,mybank.cn
mx2.mybank.cn:25,119.42.240.236,25,smtp,,mybank.cn
mybank.cn.cn06.cn:47001,152.136.127.206,47001,http,Not Found,cn06.cn
mybank.cn.cn06.cn:49153,152.136.127.206,49153,dcerpc,,cn06.cn
mybank.cn.cn06.cn:47001,152.136.127.206,47001,http,,cn06.cn
https://fcopensm.mybank.cn,119.42.240.239,443,https,,mybank.cn
mybank.cn.ynbbz.cn,206.119.126.2,80,http,ynbbz.cn到期，请续费,ynbbz.cn
www.mybank.cn.cn06.cn:47001,152.136.127.206,47001,http,,cn06.cn
www.mybank.cn.cn06.cn:49153,152.136.127.206,49153,dcerpc,,cn06.cn
loan.mybank.cn.cm:9473,38.26.201.138,9473,http,404,cn.cm
mybank.cn.sanme.cn,155.159.107.236,80,http,,sanme.cn
www.mybank.cn.jloft.cn:3389,47.242.70.210,3389,rdp,,jloft.cn
b.mybank.cn.p80.spel.l.ssrf.cc,144.34.182.142,80,http,,ssrf.cc
loan.mybank.cn.cm:9108,38.26.201.138,9108,http,404,cn.cm
20000251.h5app.mybank.cn.delilaundry.cn:1723,183.62.242.235,1723,pptp,,delilaundry.cn
20000251.h5app.mybank.cn.delilaundry.cn:1701,183.62.242.235,1701,l2tpv2,,delilaundry.cn
https://mobilegwgm.mybank.cn,119.42.240.229,443,https,,mybank.cn
https://www.mybank.cn.hbego.cn,123.57.46.72,443,https,,hbego.cn
https://mysm.mybank.cn,119.42.240.240,443,https,404 Not Found,mybank.cn
www.mybank.cn.hbego.cn,123.57.46.72,80,http,,hbego.cn
https://www.mybank.cn.by19.cn,35.190.42.17,443,https,,by19.cn
www.mybank.cn.cdzo.cn,173.208.183.182,80,http,404 - 找不到文件或目录。,cdzo.cn
https://www.mybank.cn.bs62.cn,39.109.123.218,443,https,403 Forbidden,bs62.cn
www.mybank.cn.jloft.cn,47.242.70.210,80,http,jloft.cn is for sale 域名知识产权交易,jloft.cn
www.mybank.cn.bs62.cn,39.109.123.218,80,http,咪酷漫画,bs62.cn
www.mybank.cn.df9y.cn,120.46.134.71,80,http,Not Found,df9y.cn
q.mybank.cn:8888,110.76.58.25,8888,http,,mybank.cn
q.mybank.cn:8180,110.76.58.25,8180,unknown,,mybank.cn
q.mybank.cn:5820,110.76.58.25,5820,unknown,,mybank.cn
fcriskbot.mybank.cn:6588,110.76.58.36,6588,ftp,,mybank.cn
fcriskbot.mybank.cn:1911,110.76.58.36,1911,kerberos_sec,,mybank.cn
www.mybank.cn.cn06.cn,152.136.127.206,80,http,403 Forbidden,cn06.cn
xhcaptchaxinghui.mybank.cn:999,110.76.58.20,999,unknown,,mybank.cn
xhcaptchaxinghui.mybank.cn:27017,110.76.58.20,27017,unknown,,mybank.cn
xhcaptchaxinghui.mybank.cn:2701,110.76.58.20,2701,openlookup,,mybank.cn
loan.mybank.cn.cm:9929,38.26.201.138,9929,http,,cn.cm
loan.mybank.cn.cm:9473,38.26.201.138,9473,http,,cn.cm
loan.mybank.cn.cm:9108,38.26.201.138,9108,http,,cn.cm
mybank.cn.sanme.cn,155.159.107.236,80,http,没有找到站点,sanme.cn
www.mybank.cn.xmnl.com:6001,216.24.187.174,6001,x11,,xmnl.com
bkmpushlink.mybank.cn:27017,110.76.58.20,27017,unknown,,mybank.cn
bkmpushlink.mybank.cn:2701,110.76.58.20,2701,quagga,,mybank.cn
bkmpushlink.mybank.cn:999,110.76.58.20,999,http,,mybank.cn
www.mybank.cn.ynbbz.cn,206.119.126.2,80,http,ynbbz.cn到期，请续费,ynbbz.cn
www.mybank.cn.xmnl.com,216.24.187.174,80,http,,xmnl.com
promo2.mybank.cn:6588,110.76.58.36,6588,unknown,,mybank.cn
promo2.mybank.cn:1911,110.76.58.36,1911,unknown,,mybank.cn
bkaccessgw.mybank.cn:3283,110.76.58.42,3283,unknown,,mybank.cn
bkaccessgw.mybank.cn:2154,110.76.58.42,2154,eggdrop,,mybank.cn
bkaccessgw.mybank.cn:902,110.76.58.42,902,vmware_authentication_daemon,,mybank.cn
fccschat.mybank.cn:5008,110.76.58.36,5008,crestron-ctp,,mybank.cn
fccschat.mybank.cn:30303,110.76.58.36,30303,activemq,,mybank.cn
fccschat.mybank.cn:2701,110.76.58.36,2701,unknown,,mybank.cn
bkaccessgw.mybank.cn:4664,110.76.54.53,4664,http,,mybank.cn
bkaccessgw.mybank.cn:3522,110.76.54.53,3522,unknown,,mybank.cn
bkaccessgw.mybank.cn:61222,110.76.54.53,61222,unknown,,mybank.cn
promo2.mybank.cn:5008,110.76.58.36,5008,telnet,,mybank.cn
promo2.mybank.cn:2701,110.76.58.36,2701,unknown,,mybank.cn
promo2.mybank.cn:30303,110.76.58.36,30303,unknown,,mybank.cn
fcriskbot.mybank.cn:5008,110.76.58.36,5008,unknown,,mybank.cn
fcriskbot.mybank.cn:30303,110.76.58.36,30303,openlookup,,mybank.cn
fcriskbot.mybank.cn:2701,110.76.58.36,2701,telnet,,mybank.cn
supplychain.mybank.cn:30303,110.76.58.36,30303,http,,mybank.cn
supplychain.mybank.cn:5008,110.76.58.36,5008,sassafras,,mybank.cn
supplychain.mybank.cn:2701,110.76.58.36,2701,unknown,,mybank.cn
fcidentifycore.mybank.cn:30303,110.76.58.36,30303,unknown,,mybank.cn
fcidentifycore.mybank.cn:2701,110.76.58.36,2701,unknown,,mybank.cn
fcidentifycore.mybank.cn:5008,110.76.58.36,5008,unknown,,mybank.cn
www.mybank.cn.vv19.cn,39.97.104.67,80,http,404 Service Unavailable,vv19.cn
https://www.mybank.cn.vv19.cn,39.97.104.67,443,https,301 Moved Permanently,vv19.cn
https://www.mybank.cn.024a.cn,35.190.42.17,443,https,,024a.cn
www.mybank.cn.024a.cn,35.190.42.17,80,http,,024a.cn
https://www.mybank.cn.df59.cn,14.215.179.22,443,https,,df59.cn
www.mybank.cn.df59.cn,14.215.179.22,80,http,,df59.cn
https://www.mybank.cn.cg00.cn,14.215.179.22,443,https,,cg00.cn
www.mybank.cn.cg00.cn,14.215.179.22,80,http,,cg00.cn
admin.mybank.cn,110.75.156.2,80,http,301 Moved Permanently,mybank.cn
https://bkaccessgw.mybank.cn,110.76.54.53,443,https,302 Found,mybank.cn
https://admin.mybank.cn,110.75.156.2,443,https,302 Found,mybank.cn
mybank.cn.szadoor.com,14.215.179.22,80,http,,szadoor.com
https://www.mybank.cn.142ww.com:8409,156.234.127.5,8409,https,,142ww.com
www.mybank.cn.wy9999.com,64.32.28.242,80,http,www.wy9999.com-官网首页,wy9999.com
www.mybank.cn.13w0.com:9100,192.151.224.229,9100,http,,13w0.com
www.mybank.cn.13w0.com:10000,192.151.224.229,10000,http,备份客户端管理,13w0.com
www.mybank.cn.axhd.cn,142.54.167.59,80,http,404 - 找不到文件或目录。,axhd.cn
www.mybank.cn.cfyb.cn,170.33.13.246,80,http,域名售卖,cfyb.cn
www.mybank.cn.weizhifs.com,154.64.241.113,80,http,"国产性视频免费观看视频,国语自产拍在线视频中文,国语精品自产拍在线观看_最新",weizhifs.com
www.mybank.cn.qhpm.net,107.163.46.3,80,http,没有找到站点,qhpm.net
https://www.mybank.cn.rang2.cn,14.215.179.22,443,https,,rang2.cn
https://mybank.cn.szadoor.com,14.215.179.22,443,https,,szadoor.com
loan.mybank.cn.cm,38.26.201.138,80,http,404,cn.cm
www.mybank.cn.hglo.cn:49154,203.176.126.38,49154,dcerpc,,hglo.cn
https://www.mybank.cn.wy9999.com,64.32.28.242,443,https,www.wy9999.com-官网首页,wy9999.com
www.mybank.cn.rang2.cn,223.109.81.161,80,http,,rang2.cn
www.mybank.cn.94260.com,75.2.26.18,80,http,302 Found,94260.com
www.mybank.cn.2mm1.com:9530,154.38.227.237,9530,unknown,,2mm1.com
bkmfs-gray.mybank.cn,119.42.240.181,80,http,502 Bad Gateway,mybank.cn
https://bkpccisp-public.mybank.cn,119.42.240.180,443,https,302 Found,mybank.cn
https://bkmobilegw.mybank.cn,110.76.58.11,443,https,,mybank.cn
https://fcriskbot.mybank.cn,110.76.58.36,443,https,502 Bad Gateway,mybank.cn
bkmpushlink-pre.mybank.cn,119.42.240.182,80,http,301 Moved Permanently,mybank.cn
bkmobilegw.mybank.cn,119.42.240.200,80,http,,mybank.cn
https://partner.mybank.cn,110.76.58.30,443,https,第三方服务平台-登录,mybank.cn
pdc.mybank.cn,119.42.240.180,80,http,301 Moved Permanently,mybank.cn
https://bkmfs-gray.mybank.cn,119.42.240.181,443,https,502 Bad Gateway,mybank.cn
www.mybank.cn.mnqg.net:8987,136.0.240.69,8987,unknown,,mnqg.net
https://tech.mybank.cn,183.2.193.217,443,https,网商银行 无微不至,mybank.cn
netd.mybank.cn,110.76.58.67,80,http,Mybank,mybank.cn
www.mybank.cn.122tv.com,47.242.162.24,80,http,,122tv.com
https://secure.mybank.cn,110.76.30.2,443,https,出错了-404,mybank.cn
https://dev.mybank.cn,110.76.30.2,443,https,出错了-404,mybank.cn
https://github.mybank.cn,110.76.30.76,443,https,404 Not Found,mybank.cn
buddy.mybank.cn,110.76.58.30,80,http,301 Moved Permanently,mybank.cn
wealth-inst.mybank.cn,110.75.129.2,80,http,301 Moved Permanently,mybank.cn
https://mobilegw.mybank.cn,203.209.255.224,443,https,302 Found,mybank.cn
https://bktop.mybank.cn,119.42.240.180,443,https,302 Found,mybank.cn
tech.mybank.cn,121.12.173.241,80,http,网商银行 无微不至,mybank.cn
pubbuservice.mybank.cn,110.76.30.76,80,http,301 Moved Permanently,mybank.cn
https://ulink.mybank.cn,112.67.242.102,443,https,出错了-404,mybank.cn
safecenter.mybank.cn,110.76.54.24,80,http,404 Not Found,mybank.cn
https://fcsupergwopenpre.mybank.cn,119.42.240.182,443,https,,mybank.cn
https://bkmpushlink-pre.mybank.cn,119.42.240.182,443,https,502 Bad Gateway,mybank.cn
https://m.mybank.cn,119.42.240.180,443,https,网商银行·商家中心,mybank.cn
https://piaoju.mybank.cn,110.75.129.2,443,https,302 Found,mybank.cn
https://bkeim.mybank.cn,119.42.240.180,443,https,,mybank.cn
https://bkmobileic.mybank.cn,110.76.58.30,443,https,302 Found,mybank.cn
https://bkopen.mybank.cn,110.76.58.18,443,https,,mybank.cn
eap-pre.mybank.cn,119.42.240.182,80,http,,mybank.cn
captain.mybank.cn,110.76.30.2,80,http,出错了-404,mybank.cn
i-inst.mybank.cn,110.76.30.76,80,http,301 Moved Permanently,mybank.cn
https://buddy.mybank.cn,110.76.58.30,443,https,,mybank.cn
https://supplychainmng.mybank.cn,110.76.58.30,443,https,302 Found,mybank.cn
fcrds.mybank.cn,110.76.58.30,80,http,301 Moved Permanently,mybank.cn
https://proxy.mybank.cn,110.76.30.2,443,https,出错了-404,mybank.cn
supplychainmng.mybank.cn,110.76.58.30,80,http,301 Moved Permanently,mybank.cn
https://wallet.mybank.cn,119.42.240.180,443,https,,mybank.cn
https://q.mybank.cn,110.76.58.25,443,https,网商银行 无微不至,mybank.cn
sys.mybank.cn,110.75.156.2,80,http,301 Moved Permanently,mybank.cn
finlease.mybank.cn,110.76.58.39,80,http,404 Not Found,mybank.cn
https://mpctraingateway.mybank.cn,119.42.240.249,443,https,401 Authorization Required,mybank.cn
https://fcstresstest.mybank.cn,110.76.54.29,443,https,,mybank.cn
svn.mybank.cn,110.76.30.2,80,http,出错了-404,mybank.cn
ruralposition.mybank.cn,119.96.66.212,80,http,,mybank.cn
dingding.mybank.cn,119.42.240.180,80,http,301 Moved Permanently,mybank.cn
bkbusopservice.mybank.cn,119.42.240.180,80,http,301 Moved Permanently,mybank.cn
https://1111.mybank.cn,112.67.242.103,443,https,,mybank.cn
https://users.mybank.cn,110.75.156.2,443,https,302 Found,mybank.cn
wallet-gray.mybank.cn,119.42.240.181,80,http,301 Moved Permanently,mybank.cn
bkmfs.mybank.cn,119.42.240.180,80,http,,mybank.cn
https://wallet-gray.mybank.cn,119.42.240.181,443,https,,mybank.cn
https://bkebankinfo.mybank.cn,112.67.242.102,443,https,网商银行-企业信息变更,mybank.cn
kcart.mybank.cn,203.209.245.74,80,http,301 Moved Permanently,mybank.cn
https://i.mybank.cn,119.42.240.180,443,https,302 Found,mybank.cn
vzoom-tax-cert.mybank.cn,110.76.1.241,80,http,HTTP Status 404 – Not Found,mybank.cn
https://58fcopen.mybank.cn,110.76.54.27,443,https,,mybank.cn
https://wealth-inst.mybank.cn,110.75.129.2,443,https,302 Found,mybank.cn
bkopen.mybank.cn,110.76.54.27,80,http,,mybank.cn
https://fcrds.mybank.cn,110.76.58.30,443,https,302 Found,mybank.cn
bksecuritylog.mybank.cn,119.42.240.180,80,http,404 Not Found,mybank.cn
https://dep.mybank.cn,183.2.160.205,443,https,,mybank.cn
https://svn.mybank.cn,110.76.30.2,443,https,出错了-404,mybank.cn
p.mybank.cn,119.42.240.180,80,http,301 Moved Permanently,mybank.cn
proxy.mybank.cn,110.76.30.2,80,http,出错了-404,mybank.cn
hkb.mybank.cn,119.42.240.180,80,http,301 Moved Permanently,mybank.cn
mobilegw.mybank.cn,203.209.245.154,80,http,,mybank.cn
https://pubbuservice.mybank.cn,110.75.129.2,443,https,302 Found,mybank.cn
https://bkbusopservice.mybank.cn,119.42.240.180,443,https,302 Found,mybank.cn
cam.mybank.cn,119.42.240.180,80,http,301 Moved Permanently,mybank.cn
bkebankinfo.mybank.cn,112.67.242.102,80,http,网商银行-企业信息变更,mybank.cn
https://fcidentifycore.mybank.cn,110.76.58.36,443,https,302 Found,mybank.cn
secure.mybank.cn,110.76.30.2,80,http,出错了-404,mybank.cn
mobilegwpre.mybank.cn,110.75.130.121,80,http,,mybank.cn
https://mobilehelppre.mybank.cn,119.42.240.182,443,https,302 Found,mybank.cn
https://captain.mybank.cn,110.76.30.2,443,https,出错了-404,mybank.cn
https://ruralposition.mybank.cn,119.96.90.214,443,https,,mybank.cn
fcopenpre.mybank.cn,119.42.240.182,80,http,301 Moved Permanently,mybank.cn
https://i-inst.mybank.cn,110.76.30.76,443,https,302 Found,mybank.cn
bkamdc.mybank.cn,110.76.58.39,80,http,,mybank.cn
https://supplychain.mybank.cn,110.76.58.36,443,https,302 Found,mybank.cn
https://bkws.mybank.cn,119.42.240.180,443,https,302 Found,mybank.cn
bkws.mybank.cn,119.42.240.180,80,http,301 Moved Permanently,mybank.cn
partner.mybank.cn,110.76.58.30,80,http,301 Moved Permanently,mybank.cn
https://fcopenstress.mybank.cn,110.76.54.27,443,https,,mybank.cn
test.mybank.cn,110.75.156.2,80,http,301 Moved Permanently,mybank.cn
relay.mybank.cn,110.76.30.2,80,http,出错了-404,mybank.cn
https://aef.mybank.cn,119.42.240.180,443,https,302 Found,mybank.cn
aef.mybank.cn,119.42.240.180,80,http,301 Moved Permanently,mybank.cn
regsensor.mybank.cn,110.76.58.30,80,http,301 Moved Permanently,mybank.cn
https://bkmfs.mybank.cn,119.42.240.180,443,https,302 Found,mybank.cn
https://eap-pre.mybank.cn,119.42.240.182,443,https,302 Found,mybank.cn
https://pdc.mybank.cn,119.42.240.180,443,https,,mybank.cn
fcsupergwopenpre.mybank.cn,119.42.240.182,80,http,301 Moved Permanently,mybank.cn
bkruralindustry.mybank.cn,119.42.240.180,80,http,网商县域工作台,mybank.cn
https://safecenter.mybank.cn,110.76.58.39,443,https,302 Found,mybank.cn
https://fccschat.mybank.cn,110.76.58.36,443,https,,mybank.cn
https://inst.mybank.cn,110.75.129.2,443,https,302 Found,mybank.cn
loanweb.mybank.cn,110.76.58.30,80,http,301 Moved Permanently,mybank.cn
bkpccisp-public.mybank.cn,119.42.240.180,80,http,301 Moved Permanently,mybank.cn
fincenter.mybank.cn,112.67.242.102,80,http,蚂蚁集团-商家金融中心,mybank.cn
fcstresstest.mybank.cn,110.76.54.29,80,http,,mybank.cn
https://fincenter.mybank.cn,119.96.90.230,443,https,蚂蚁集团-商家金融中心,mybank.cn
wallet-pre.mybank.cn,119.42.240.182,80,http,301 Moved Permanently,mybank.cn
https://netd.mybank.cn,110.76.58.67,443,https,Mybank,mybank.cn
bkadaivr.mybank.cn,110.76.58.39,80,http,404 Not Found,mybank.cn
https://finlease.mybank.cn,110.76.58.39,443,https,302 Found,mybank.cn
https://regsensor.mybank.cn,110.76.58.30,443,https,百叶箱,mybank.cn
bkmobileic.mybank.cn,110.76.58.30,80,http,301 Moved Permanently,mybank.cn
inst.mybank.cn,110.75.129.2,80,http,301 Moved Permanently,mybank.cn
https://promo.mybank.cn,119.42.240.180,443,https,302 Found,mybank.cn
fcopenstress.mybank.cn,110.76.54.27,80,http,,mybank.cn
github.mybank.cn,110.76.30.76,80,http,404 Not Found,mybank.cn
https://hkb.mybank.cn,119.42.240.180,443,https,,mybank.cn
users.mybank.cn,110.75.156.2,80,http,301 Moved Permanently,mybank.cn
https://www.mybank.cn.tm30.com:9399,185.244.106.2,9399,https,,tm30.com
www.mybank.cn.2mm1.com:8333,154.38.227.237,8333,http,,2mm1.com
www.mybank.cn.ngop.cn:1027,208.110.86.29,1027,dcerpc,,ngop.cn
www.mybank.cn.13w0.com:9100,192.151.224.229,9100,http,,13w0.com
www.mybank.cn.qhpm.net:888,107.163.46.3,888,http,,qhpm.net
https://www.mybank.cn.mm31.com:9139,156.234.127.2,9139,https,,mm31.com
www.mybank.cn.bbm5.cn:21,103.96.151.69,21,ftp,,bbm5.cn
www.mybank.cn.c979.cn:22000,103.96.150.51,22000,ssh,,c979.cn
www.mybank.cn.84230.com:111,67.227.226.240,111,portmap,,84230.com
www.mybank.cn.tm30.com:5006,185.244.106.2,5006,http,,tm30.com
https://www.mybank.cn.142ww.com:9501,156.234.127.5,9501,https,,142ww.com
www.mybank.cn.ymx1.com:888,156.246.128.193,888,http,,ymx1.com
www.mybank.cn.13w0.com:9000,192.151.224.229,9000,unknown,,13w0.com
www.mybank.cn.13w0.com:10000,192.151.224.229,10000,http,,13w0.com
https://www.mybank.cn.mm31.com:5053,156.234.127.2,5053,https,,mm31.com
https://www.mybank.cn.mm31.com:9501,156.234.127.2,9501,https,,mm31.com
www.mybank.cn.den9.cn,14.215.179.22,80,http,,den9.cn
www.mybank.cn.ymx1.com:888,156.246.128.193,888,http,403 Forbidden,ymx1.com
https://www.mybank.cn.den9.cn,14.215.179.22,443,https,,den9.cn
www.mybank.cn.qhpm.net:888,107.163.46.3,888,http,403 Forbidden,qhpm.net
www.mybank.cn.bbm5.cn:22000,103.96.151.69,22000,ssh,,bbm5.cn
www.mybank.cn.qhpm.net:9527,107.163.46.3,9527,unknown,,qhpm.net
www.mybank.cn.qhpm.net,107.163.46.3,80,http,,qhpm.net
https://www.mybank.cn.164st.com,14.215.179.22,443,https,,164st.com
www.mybank.cn.164st.com,14.215.179.22,80,http,,164st.com
www.mybank.cn.ngop.cn,208.110.86.29,80,http,404 - 找不到文件或目录。,ngop.cn
https://www.mybank.cn.gm30.com,67.21.93.242,443,https,www.gm30.com-官网首页,gm30.com
www.mybank.cn.gm30.com,67.21.93.242,80,http,www.gm30.com-官网首页,gm30.com
www.mybank.cn.c979.cn,103.96.150.51,80,http,常州百思达化工有限公司,c979.cn
www.mybank.cn.17n1.com,47.92.214.12,80,http,Not Found,17n1.com
https://www.mybank.cn.17n1.com,47.92.214.12,443,https,Not Found,17n1.com
https://www.mybank.cn.xm93.com,52.58.78.16,443,https,,xm93.com
www.mybank.cn.zhix.net,150.158.16.96,80,http,404 Not Found,zhix.net
https://www.mybank.cn.zhix.net,150.158.16.96,443,https,抱歉，站点已暂停,zhix.net
www.mybank.cn.mnqg.net,136.0.240.69,80,http,403 Forbidden,mnqg.net
www.mybank.cn.hglo.cn,203.176.126.38,80,http,404 Not Found,hglo.cn
www.mybank.cn.2mm1.com,154.38.227.237,80,http,,2mm1.com
www.mybank.cn.dm60.com,67.21.93.232,80,http,www.dm60.com-官网首页,dm60.com
https://www.mybank.cn.dm60.com,67.21.93.232,443,https,www.dm60.com-官网首页,dm60.com
https://www.mybank.cn.ehyp.net,18.219.91.173,443,https,,ehyp.net
www.mybank.cn.ehyp.net,3.19.131.128,80,http,301 Moved Permanently,ehyp.net
www.mybank.cn.8gyx.cn,38.34.245.18,80,http,没有找到站点,8gyx.cn
https://login.mybank.cn.metrolinkhosting.com,103.224.212.221,443,https,,metrolinkhosting.com
login.mybank.cn.metrolinkhosting.com,103.224.212.221,80,http,,metrolinkhosting.com
www.mybank.cn.042pk.com,47.115.2.169,80,http,,042pk.com
https://www.mybank.cn.042pk.com,47.115.2.169,443,https,,042pk.com
https://www.mybank.cn.hzgar.com,156.227.24.176,443,https,CPT,hzgar.com
https://www.mybank.cn.14300.com,67.21.93.244,443,https,www.14300.com-官网首页,14300.com
www.mybank.cn.14300.com,67.21.93.244,80,http,www.14300.com-官网首页,14300.com
https://www.mybank.cn.c1t1.cn,14.215.179.22,443,https,,c1t1.cn
www.mybank.cn.c1t1.cn,14.215.179.22,80,http,,c1t1.cn
www.mybank.cn.tm30.com,185.244.106.2,80,http,Loading......1S,tm30.com
www.mybank.cn.hm30.com,67.21.93.253,80,http,www.hm30.com-官网首页,hm30.com
www.mybank.cn.14940.com,67.21.93.244,80,http,,14940.com
https://esm.mybank.cn,119.42.240.242,443,https,,mybank.cn
www.mybank.cn.ghhgsz.cn,14.215.179.22,80,http,,ghhgsz.cn
https://www.mybank.cn.14940.com,67.21.93.244,443,https,,14940.com
www.mybank.cn.qm51.com,47.90.30.95,80,http,,qm51.com
https://m.mybank.cn.hm30.com,67.21.93.253,443,https,www.hm30.com-官网首页,hm30.com
www.mybank.cn.xhmt.net,107.165.81.107,80,http,,xhmt.net
https://www.mybank.cn.jlqyl.cn,14.215.179.22,443,https,,jlqyl.cn
www.mybank.cn.jlqyl.cn,14.215.179.22,80,http,,jlqyl.cn
www.mybank.cn.bbm5.cn,103.96.151.69,80,http,重庆大隆生化工科技有限公司,bbm5.cn
https://www.mybank.cn.921qp.com,64.32.28.238,443,https,www.921qp.com-官网首页,921qp.com
www.mybank.cn.921qp.com,64.32.28.238,80,http,www.921qp.com-官网首页,921qp.com
www.mybank.cn.mm23.com,64.32.28.239,80,http,www.mm23.com-官网首页,mm23.com
www.mybank.cn.112tl.com,119.147.148.218,80,http,403 Forbidden,112tl.com
https://www.mybank.cn.1q01.com,14.215.179.22,443,https,,1q01.com
www.mybank.cn.wwwwwty.com,74.206.228.78,80,http,Loading,wwwwwty.com
https://www.mybank.cn.wwwwwty.com,173.239.5.6,443,https,,wwwwwty.com
www.mybank.cn.fhytr.cn,137.220.218.69,80,http,403 Forbidden,fhytr.cn
www.mybank.cn.1q01.com,14.215.179.22,80,http,,1q01.com
https://www.mybank.cn.qmx1.com,14.215.179.22,443,https,,qmx1.com
www.mybank.cn.ht19.cn,23.230.207.83,80,http,,ht19.cn
www.mybank.cn.qmx1.com,14.215.179.22,80,http,,qmx1.com
https://www.mybank.cn.hm30.com,67.21.93.253,443,https,www.hm30.com-官网首页,hm30.com
www.mybank.cn.1yav.com,192.177.52.45,80,http,,1yav.com
www.mybank.cn.fhytr.cn,137.220.218.69,80,http,,fhytr.cn
www.mybank.cn.8gyx.cn:21,38.34.245.18,21,ftp,,8gyx.cn
www.mybank.cn.94260.com,99.83.153.108,80,http,,94260.com
www.mybank.cn.hglo.cn:49155,203.176.126.38,49155,dcerpc,,hglo.cn
https://www.mybank.cn.syqc.net,156.235.13.134,443,https,404 Not Found,syqc.net
www.mybank.cn.mnqg.net,136.0.240.69,80,http,,mnqg.net
www.mybank.cn.xhmt.net,107.165.81.107,80,http,,xhmt.net
https://www.mybank.cn.342tv.com,14.215.179.22,443,https,,342tv.com
www.mybank.cn.112tl.com,36.156.125.239,80,http,,112tl.com
www.mybank.cn.biaoyi168.com,154.64.241.174,80,http,,biaoyi168.com
www.mybank.cn.8gyx.cn:22,38.34.245.18,22,ssh,,8gyx.cn
www.mybank.cn.ymx1.com,156.246.128.193,80,http,,ymx1.com
www.mybank.cn.weizhifs.com,154.64.241.113,80,http,,weizhifs.com
www.mybank.cn.112zh.com:49152,142.111.206.82,49152,dcerpc,,112zh.com
https://www.mybank.cn.942tt.com:47001,156.234.127.5,47001,https,,942tt.com
www.mybank.cn.942tt.com:3307,156.234.127.5,3307,http,,942tt.com
www.mybank.cn.942tt.com:2424,156.234.127.5,2424,http,,942tt.com
www.mybank.cn.qm51.com,47.90.30.95,80,http,,qm51.com
https://www.mybank.cn.xm93.com,52.58.78.16,443,https,,xm93.com
www.mybank.cn.122tv.com,47.242.162.24,80,http,,122tv.com
www.mybank.cn.faok.net,34.205.242.146,80,http,,faok.net
bkaccessgw.mybank.cn:7547,110.76.54.53,7547,unknown,,mybank.cn
q.mybank.cn:636,110.76.58.25,636,unknown,,mybank.cn
www.mybank.cn.mm71.com:7003,185.244.106.2,7003,http,,mm71.com
www.mybank.cn.mm71.com:86,185.244.106.2,86,http,,mm71.com
supplychain.mybank.cn:7547,110.76.58.36,7547,JMS,,mybank.cn
promo2.mybank.cn:7547,110.76.58.36,7547,JMS,,mybank.cn
fccschat.mybank.cn:7547,110.76.58.36,7547,JMS,,mybank.cn
fcidentifycore.mybank.cn:7547,110.76.58.36,7547,JMS,,mybank.cn
fcriskbot.mybank.cn:7547,110.76.58.36,7547,JMS,,mybank.cn
www.mybank.cn.122gc.com,54.209.32.212,80,http,,122gc.com
https://www.mybank.cn.164tt.com:3307,156.234.127.13,3307,https,,164tt.com
www.mybank.cn.164tt.com:2424,156.234.127.13,2424,http,,164tt.com
www.mybank.cn.164tt.com:2086,156.234.127.13,2086,http,,164tt.com
loan.mybank.cn.cm:9140,38.26.201.138,9140,http,,cn.cm
xhcaptchaxinghui.mybank.cn:1991,110.76.58.20,1991,unknown,,mybank.cn
bkmpushlink.mybank.cn:1991,110.76.58.20,1991,unknown,,mybank.cn
https://www.mybank.cn.242av.com,156.234.127.11,443,https,Loading......1S,242av.com
www.mybank.cn.242av.com,156.234.127.11,80,http,Loading......1S,242av.com
https://www.mybank.cn.hm30.com,67.21.93.253,443,https,,hm30.com
https://www.mybank.cn.gdzldg.com,67.21.93.242,443,https,www.gdzldg.com-官网首页,gdzldg.com
www.mybank.cn.gdzldg.com,67.21.93.242,80,http,www.gdzldg.com-官网首页,gdzldg.com
www.mybank.cn.xmf1.com,14.215.179.22,80,http,,xmf1.com
https://www.mybank.cn.xmf1.com,14.215.179.22,443,https,,xmf1.com
www.mybank.cn.9mqq.com,14.215.179.22,80,http,,9mqq.com
https://www.mybank.cn.9mqq.com,14.215.179.22,443,https,,9mqq.com
www.mybank.cn.km20.com,164.90.244.158,80,http,301 Moved Permanently,km20.com
https://www.mybank.cn.3cst.com,185.244.106.2,443,https,Loading......1S,3cst.com
www.mybank.cn.3cst.com,185.244.106.2,80,http,Loading......1S,3cst.com
www.mybank.cn.16274.com,67.21.93.244,80,http,,16274.com
https://www.mybank.cn.16274.com,67.21.93.244,443,https,,16274.com
https://www.mybank.cn.yb1990.com,14.215.179.22,443,https,,yb1990.com
www.mybank.cn.yb1990.com,14.215.179.22,80,http,,yb1990.com
www.mybank.cn.742pp.com,34.117.26.57,80,http,,742pp.com
https://www.mybank.cn.742pp.com,34.149.198.43,443,https,,742pp.com
www.mybank.cn.112zh.com:49154,142.111.206.82,49154,dcerpc,,112zh.com
www.mybank.cn.84230.com,67.227.226.240,80,http,,84230.com
www.mybank.cn.ipv7.net,5.196.88.67,80,http,cartman.ipv7.net,ipv7.net
https://www.mybank.cn.ipv7.net,5.196.88.67,443,https,cartman.ipv7.net,ipv7.net
www.mybank.cn.112zh.com,142.111.206.82,80,http,Loading......1S,112zh.com
www.mybank.cn.mm01.com,52.71.57.184,80,http,,mm01.com
https://www.mybank.cn.866qp.com,64.32.28.235,443,https,www.866qp.com-官网首页,866qp.com
www.mybank.cn.866qp.com,64.32.28.235,80,http,www.866qp.com-官网首页,866qp.com
www.mybank.cn.1vd2.com,23.224.6.36,80,http,,1vd2.com
www.mybank.cn.jyok.net:888,38.54.200.189,888,http,,jyok.net
www.mybank.cn.jyok.net:888,38.54.200.189,888,http,403 Forbidden,jyok.net
www.mybank.cn.jyok.net,38.54.200.189,80,http,404 Not Found,jyok.net
www.mybank.cn.eugenesginsberg.com,174.34.182.183,80,http,万圣节,eugenesginsberg.com
https://render.mybank.cn.danuoyi.tbcache.com,117.27.140.227,443,https,,tbcache.com
eap.mybank.cn.gxqzyz.com,124.227.1.115,80,http,Welcome to nginx!,gxqzyz.com
render.mybank.cn.hackettpdxcrimdefense.com,108.177.203.158,80,http,幸运转盘,hackettpdxcrimdefense.com
dep.mybank.cn.w.cdngslb.com.b.bbyxs.cn,121.12.173.248,80,http,,bbyxs.cn
www.mybank.cn.eugenesginsberg.com,174.34.182.183,80,http,,eugenesginsberg.com
www.mybank.cn.eugenesginsberg.com:49154,174.34.182.183,49154,dcerpc,,eugenesginsberg.com
www.mybank.cn.sxmzh.cn,14.215.179.22,80,http,,sxmzh.cn
www.mybank.cn.rangx.cn:5985,38.163.114.72,5985,http,Not Found,rangx.cn
bkmobilegw.mybank.cn.hnzz.cn:88,218.75.212.100,88,http,测速,hnzz.cn
www.mybank.cn.rangx.cn,38.163.114.72,80,http,404 Not Found,rangx.cn
loan.mybank.cn.eugenesginsberg.com,174.34.182.183,80,http,人鱼公主,eugenesginsberg.com
loan.mybank.cn.comomudardevida.com,174.34.182.154,80,http,红9娱乐场,comomudardevida.com
loan.mybank.cn.eugenesginsberg.com,174.34.182.183,80,http,,eugenesginsberg.com
loan.mybank.cn.eugenesginsberg.com:49154,174.34.182.183,49154,dcerpc,,eugenesginsberg.com
loan.mybank.cn.comomudardevida.com,174.34.182.154,80,http,,comomudardevida.com
loan.mybank.cn.comomudardevida.com:49154,174.34.182.154,49154,dcerpc,,comomudardevida.com
bkmobilegwstress.mybank.cn,110.76.56.203,80,http,,mybank.cn
render.mybank.cn.hackettpdxcrimdefense.com:49154,108.177.203.158,49154,dcerpc,,hackettpdxcrimdefense.com
ulink.mybank.cn,175.6.11.236,80,http,出错了-404,mybank.cn
https://www.mybank.cn.qeeyan.com,14.215.179.22,443,https,,qeeyan.com
bkmobilegw.mybank.cn.icbase.com,202.110.153.91,80,http,Not Found,icbase.com
render.mybank.cn.hackettpdxcrimdefense.com,108.177.203.158,80,http,,hackettpdxcrimdefense.com
https://esm.mybank.cn,119.42.240.242,443,https,404 Not Found,mybank.cn
www.mybank.cn.qeeyan.com,14.215.179.22,80,http,,qeeyan.com
https://bkoffline-web.mybank.cn,119.42.240.180,443,https,,mybank.cn
www.mybank.cn.danma.cn,94.74.110.122,80,http,爱汇跑 - 只为更好的赛事体验,danma.cn
loan.mybank.cn.msamentorship.com,23.108.159.218,80,http,,msamentorship.com
loan.mybank.cn.msamentorship.com:49154,23.108.159.218,49154,dcerpc,,msamentorship.com
finlease.mybank.cn:8091,110.76.54.24,8091,http,,mybank.cn
finlease.mybank.cn:808,110.76.54.24,808,unknown,,mybank.cn
finlease.mybank.cn:512,110.76.54.24,512,ftp,,mybank.cn
mybank.cn.eugenesginsberg.com:49154,174.34.182.183,49154,dcerpc,,eugenesginsberg.com
mybank.cn.eugenesginsberg.com,174.34.182.183,80,http,,eugenesginsberg.com
bkmobilegwstress.mybank.cn:27911,110.76.54.47,27911,directupdate,,mybank.cn
bkmobilegwstress.mybank.cn:3528,110.76.54.47,3528,mudnames,,mybank.cn
bkmobilegwstress.mybank.cn:35,110.76.54.47,35,http,,mybank.cn
www.mybank.cn.v700.cn:1433,101.132.120.40,1433,mssql,,v700.cn
www.mybank.cn.wandi.cn,119.3.252.139,80,http,IIS7,wandi.cn
https://www.mybank.cn.c135.cn,154.220.19.184,443,https,404,c135.cn
www.mybank.cn.bluestarchannel.com,108.177.174.172,80,http,神秘的梦,bluestarchannel.com
www.mybank.cn.rangx.cn:5357,38.163.114.72,5357,http,Service Unavailable,rangx.cn
www.mybank.cn.ban4.cn,14.215.179.22,80,http,,ban4.cn
https://www.mybank.cn.danma.cn,94.74.110.122,443,https,Ooooops，遇到了一点小错误,danma.cn
loan.mybank.cn.bluestarchannel.com,108.177.174.172,80,http,李逵劈鱼,bluestarchannel.com
mybank.cn.bluestarchannel.com:49154,108.177.174.172,49154,dcerpc,,bluestarchannel.com
mybank.cn.bluestarchannel.com,108.177.174.172,80,http,,bluestarchannel.com
mybank.cn.msamentorship.com:49154,23.108.159.218,49154,dcerpc,,msamentorship.com
loan.mybank.cn.bluestarchannel.com,108.177.174.172,80,http,,bluestarchannel.com
www.mybank.cn.rangx.cn:5357,38.163.114.72,5357,http,,rangx.cn
www.mybank.cn.msamentorship.com:49154,23.108.159.218,49154,dcerpc,,msamentorship.com
www.mybank.cn.bluestarchannel.com:49154,108.177.174.172,49154,dcerpc,,bluestarchannel.com
loan.mybank.cn.bluestarchannel.com:49154,108.177.174.172,49154,dcerpc,,bluestarchannel.com
www.mybank.cn.rangx.cn:5985,38.163.114.72,5985,http,,rangx.cn
mybank.cn.comomudardevida.com:49154,174.34.182.154,49154,dcerpc,,comomudardevida.com
fcidentifycore.mybank.cn:4880,110.76.58.36,4880,unknown,,mybank.cn
fccschat.mybank.cn:33890,110.76.58.36,33890,unknown,,mybank.cn
fccschat.mybank.cn:4880,110.76.58.36,4880,quagga,,mybank.cn
fcidentifycore.mybank.cn:33890,110.76.58.36,33890,unknown,,mybank.cn
fcidentifycore.mybank.cn:3050,110.76.58.36,3050,http,,mybank.cn
fcriskbot.mybank.cn:3050,110.76.58.36,3050,lpd,,mybank.cn
fcriskbot.mybank.cn:4880,110.76.58.36,4880,http,,mybank.cn
fcriskbot.mybank.cn:33890,110.76.58.36,33890,unknown,,mybank.cn
www.mybank.cn.comomudardevida.com,174.34.182.154,80,http,,comomudardevida.com
fccschat.mybank.cn:3050,110.76.58.36,3050,unknown,,mybank.cn
www.mybank.cn.comomudardevida.com:49154,174.34.182.154,49154,dcerpc,,comomudardevida.com
www.mybank.cn.msamentorship.com,23.108.159.218,80,http,炫酷财神,msamentorship.com
mybank.cn.bluestarchannel.com,108.177.174.172,80,http,财神捕鱼,bluestarchannel.com
mobilegwgm.mybank.cn.net:161,5.252.116.111,161,snmp,,cn.net
bkmobilegw.mybank.cn,119.42.240.200,80,http,,mybank.cn
https://bkmobilegw.mybank.cn,119.42.240.200,443,https,,mybank.cn
bkmobilegw.mybank.cn.hnzz.cn:50000,218.75.212.100,50000,http,ZZRBS01&nbsp;-&nbsp;Synology&nbsp;DiskStation,hnzz.cn
bkmobilegw.mybank.cn.hnzz.cn:50000,218.75.212.100,50000,http,,hnzz.cn
bkmobilegw.mybank.cn.hnzz.cn:88,218.75.212.100,88,http,,hnzz.cn
bkmobilegw.mybank.cn.hnzz.cn:82,218.75.212.100,82,http,,hnzz.cn
bkmobilegw.mybank.cn.hnzz.cn:82,218.75.212.100,82,http,全媒体采编V2.1-工作平台登录,hnzz.cn
https://www.mybank.cn.ban4.cn,14.215.179.22,443,https,,ban4.cn
www.mybank.cn.v700.cn,101.132.120.40,80,http,千途物流查单、物流查询系统、物流公司单号查询网站、免费快递货单查询系统源码、货物跟踪系统物流运单查询,v700.cn
www.mybank.cn.c135.cn,154.220.19.184,80,http,,c135.cn
bkmobilegw.mybank.cn.zhengzhou.rollsroyce.com.cn,165.160.15.20,80,http,,rollsroyce.com.cn
https://eap.mybank.cn.gxqzyz.com,124.227.1.115,443,https,钦州市一中-办公综合管理系统,gxqzyz.com
www.mybank.cn.comomudardevida.com,174.34.182.154,80,http,少林武僧,comomudardevida.com
mybank.cn.comomudardevida.com,174.34.182.154,80,http,甜入心扉,comomudardevida.com
bkmobilegw.mybank.cn.endawifi.com,104.21.16.59,80,http,,endawifi.com
loan.mybank.cn.petrezselyemprojekt.com,174.34.182.151,80,http,六开彩码报『1TBH·COM』一草一木打一肖20230215.H3T4B6.   Y,petrezselyemprojekt.com
www.mybank.cn.petrezselyemprojekt.com,174.34.182.151,80,http,2023 『电子游艺与真人娱乐』 曲靖辰澳蠢机械设备有限公司-m.www.mybank.cn.petrezselyemprojekt.com,petrezselyemprojekt.com
mybank.cn.petrezselyemprojekt.com,174.34.182.151,80,http,『高级五肖选一肖』 足球学习情况将作为学生综合素质评价参考综合素质评价足球发展  -mybank.cn.petrezselyemprojekt.com,petrezselyemprojekt.com
www.mybank.cn.bendapusaka.com,174.34.182.184,80,http,408.net-『1TBH·COM』人民币游戏平台--20230215.H3T4B6.   G,bendapusaka.com
mybank.cn.bendapusaka.com,174.34.182.184,80,http,云鼎彩票网站登陆 『0TBH·COM』美高梅在线线上娱乐20230215.H3T4B6. ? Q.cc,bendapusaka.com
loan.mybank.cn.bendapusaka.com,174.34.182.184,80,http,澳门上葡京游戏中心下载 网址-『2TBH·COM』-彩神娱乐场app版--20230215.H3T4B6.y D k.com,bendapusaka.com
www.mybank.cn.heroes-haven.com,108.177.174.162,80,http,六开彩牛几号-20230116-,heroes-haven.com
loan.mybank.cn.holidays-morocco.com,108.177.173.149,80,http,香港白小一百零五期尾数中特-『2TBH·COM』-免费挂机软件--20230215.H3T4B6.  R.com,holidays-morocco.com
mybank.cn.heroes-haven.com,108.177.174.162,80,http,2023-胜负彩19076期亚盘推荐-mybank.cn.heroes-haven.com,heroes-haven.com
loan.mybank.cn.01us.com,108.177.173.134,80,http,我喜欢电子竞技 『0TBH·COM』真正现金网20230215.H3T4B6.   S.cc,01us.com
www.mybank.cn.01us.com,108.177.173.134,80,http,2023 『2016年马会葡京赌侠诗』 白沙卮暇退传媒-01us.com,01us.com
www.mybank.cn.ergintentio.com,108.177.173.174,80,http,嘉华娱乐场员注册-『1TBH·COM』ag平台优惠--20230215.H3T4B6.   Y,ergintentio.com
mybank.cn.ergintentio.com,108.177.173.174,80,http,『1992年香港开奖记录』 钓鱼岛痈衷科贸有限公司-m.mybank.cn.ergintentio.com,ergintentio.com
loan.mybank.cn.ergintentio.com,108.177.173.174,80,http,188bet.c『2TBH·COM』送体验金不限制玩什么游戏网站20230215.H3T4B6.   B.gov.hk,ergintentio.com
bkmobilegw.mybank.cn.byfy.net,211.149.156.44,80,http,成都博雅翻译公司--四川省政府机构翻译服务提供商！--具有专业资质的翻译机构--成都市政府机构翻译服务提供商！,byfy.net
bkmobilesync.mybank.cn.elma.com,13.90.88.29,80,http,IIS Windows Server,elma.com
https://mobilegwpre.mybank.cn,110.75.130.121,443,https,302 Found,mybank.cn
mobilegwgm.mybank.cn.elma.com,13.90.88.29,80,http,IIS Windows Server,elma.com
i.mybank.cn,119.42.240.180,80,http,301 Moved Permanently,mybank.cn
fcinstassetportal.mybank.cn,119.42.240.180,80,http,301 Moved Permanently,mybank.cn
mobilehelppre.mybank.cn,119.42.240.182,80,http,301 Moved Permanently,mybank.cn
https://bkmobilegwstress.mybank.cn,110.76.56.203,443,https,,mybank.cn
https://mpctraingatewaysbox.mybank.cn,119.42.240.251,443,https,401 Authorization Required,mybank.cn
https://fcinstassetportal.mybank.cn,119.42.240.180,443,https,302 Found,mybank.cn
https://mpcpredictgateway.mybank.cn,119.42.240.248,443,https,401 Authorization Required,mybank.cn
https://mybank.cn.122ju.com,174.139.128.38,443,https,Apache HTTP Server Test Page powered by CentOS,122ju.com
https://mybank.cn.1f9f.cn,61.155.106.17,443,https,404 - 找不到文件或目录。,1f9f.cn
www.mybank.cn.xm21.com,209.17.116.7,80,http,404 - File or directory not found.,xm21.com
https://www.mybank.cn.xm21.com,209.17.116.7,443,https,404 - File or directory not found.,xm21.com
www.mybank.cn.af39.cn,38.55.182.195,80,http,,af39.cn
mybank.cn.qp318.com,160.124.185.238,80,http,404 Not Found,qp318.com
20000180.h5app.mybank.cn.lightcomm.com,128.14.74.92,80,http,,lightcomm.com
20000290.h5app.mybank.cn.lightcomm.com,128.14.74.92,80,http,,lightcomm.com
render.mybank.cn.p.to,62.138.18.243,80,http,Web Server's Default Page,p.to
https://render.mybank.cn.p.to,62.138.18.243,443,https,Plesk Obsidian 18.0.49,p.to
mybank.cn.122ju.com,174.139.128.38,80,http,,122ju.com
www.mybank.cn.6l5ksa.cn,104.165.249.103,80,http,404 Not Found,6l5ksa.cn
www.mybank.cn.xg22.cn,118.31.132.93,80,http,403 Forbidden,xg22.cn
mybank.cn.yncyd.cn,85.208.116.245,80,http,404 Not Found,yncyd.cn
www.mybank.cn.yncyd.cn,85.208.116.245,80,http,404 Not Found,yncyd.cn
https://www.mybank.cn.2and1.cn,8.210.237.96,443,https,Document,2and1.cn
https://mybank.cn.1yfa.com,104.140.236.193,443,https,亚博yabo手机版官网登录|首頁(欢迎您),1yfa.com
www.mybank.cn.2and1.cn,8.210.237.96,80,http,,2and1.cn
mybank.cn.1yfa.com,104.140.236.193,80,http,海洋之神590线路检测中心-安全登陆,1yfa.com
www.mybank.cn.17200.com,64.32.28.240,80,http,www.17200.com-官网首页,17200.com
www.mybank.cn.qp318.com,160.124.185.238,80,http,404 Not Found,qp318.com
www.mybank.cn.122ju.com,174.139.128.38,80,http,,122ju.com
https://www.mybank.cn.122ju.com,174.139.128.38,443,https," ",122ju.com
mybank.cn.1f9f.cn,61.155.106.17,80,http,404 - 找不到文件或目录。,1f9f.cn
mybank.cn.chinfong.com.cn,61.130.114.202,80,http,"	错误提示",chinfong.com.cn
https://mybank.cn.chinfong.com.cn,61.130.114.202,443,https,"	冲床-金丰冲床",chinfong.com.cn
https://www.mybank.cn.1f9f.cn,61.155.106.17,443,https,404 - 找不到文件或目录。,1f9f.cn
mybank.cn.cmmg.com,67.205.182.127,80,http,301 Moved Permanently,cmmg.com
www.mybank.cn.1yfa.com,104.140.236.193,80,http,海洋之神590线路检测中心-安全登陆,1yfa.com
https://www.mybank.cn.1yfa.com,104.140.236.193,443,https,亚博yabo手机版官网登录|首頁(欢迎您),1yfa.com
www.mybank.cn.1f9f.cn,61.155.106.17,80,http,404 - 找不到文件或目录。,1f9f.cn
https://bkmobilesync.mybank.cn.chinfong.com.cn,61.130.114.202,443,https,"	冲床-金丰冲床",chinfong.com.cn
bkmobilegw.mybank.cn.chinfong.com.cn,61.130.114.202,80,http,"	错误提示",chinfong.com.cn
https://bkmobilegw.mybank.cn.chinfong.com.cn,61.130.114.202,443,https,"	冲床-金丰冲床",chinfong.com.cn
bkmobilesync.mybank.cn.chinfong.com.cn,61.130.114.202,80,http,"	错误提示",chinfong.com.cn
https://mybank.cn.cmmg.com,67.205.182.127,443,https,301 Moved Permanently,cmmg.com
https://www.mybank.cn.cmmg.com,67.205.182.127,443,https,301 Moved Permanently,cmmg.com
www.mybank.cn.cmmg.com,67.205.182.127,80,http,301 Moved Permanently,cmmg.com
promo.mybank.cn,110.76.54.32,80,http,301 Moved Permanently,mybank.cn
https://cfo.mybank.cn.danuoyi.alicdn.com,14.215.55.230,443,https,,alicdn.com
cfo.mybank.cn.danuoyi.alicdn.com,14.215.55.230,80,http,,alicdn.com
https://loanweb.mybank.cn,110.76.58.30,443,https,,mybank.cn
1111.mybank.cn.danuoyi.alicdn.com,150.138.98.148,80,http,,alicdn.com
https://1111.mybank.cn.danuoyi.alicdn.com,14.215.55.230,443,https,,alicdn.com
loan.mybank.cn.dr-ajina.com,108.177.174.132,80,http,,dr-ajina.com
mybank.cn.dr-ajina.com,108.177.174.132,80,http,『网上娱乐总网址』 【2017·第十四届】跨盈世界B2B营销高管峰会 2023 0128-Mobile,dr-ajina.com
www.mybank.cn.dr-ajina.com,108.177.174.132,80,http,,dr-ajina.com
www.mybank.cn.kittenlarue.com,174.34.182.186,80,http," 『www.775569.com』 常州矩蔡茨工程有限公司-kittenlarue.com",kittenlarue.com
mybank.cn.kittenlarue.com,174.34.182.186,80,http," 『中国国际娱乐互动』 【XY苹果助手】教程大汇总，实用帖不断更新中-mybank.cn.kittenlarue.com",kittenlarue.com
loan.mybank.cn.grill-bbq-reviews.com,108.177.174.169,80,http," 『小赌经b』 宁波栈土贺家庭服务有限公司-grill-bbq-reviews.com",grill-bbq-reviews.com
www.mybank.cn.grill-bbq-reviews.com,108.177.174.169,80,http,"『ag百万英雄游戏规则,ag百万英雄游戏规则』 和预测的一样！谷歌I/O开发者大会推出Google Home-www.mybank.cn.grill-bbq-reviews.com",grill-bbq-reviews.com
https://p.mybank.cn,119.42.240.180,443,https,,mybank.cn
m.mybank.cn:9305,110.76.54.32,9305,unknown,,mybank.cn
m.mybank.cn:10010,110.76.54.32,10010,unknown,,mybank.cn
m.mybank.cn:8015,110.76.54.32,8015,unknown,,mybank.cn
https://p.mybank.cn,119.42.240.180,443,https,,mybank.cn
p.mybank.cn,119.42.240.180,80,http,,mybank.cn
m.mybank.cn:9800,110.76.54.32,9800,unknown,,mybank.cn
m.mybank.cn:9304,110.76.54.32,9304,unknown,,mybank.cn
m.mybank.cn:49502,110.76.54.32,49502,unknown,,mybank.cn
bkmobilegw.mybank.cn:9303,110.76.58.11,9303,unknown,,mybank.cn
bkmobilegw.mybank.cn:9304,110.76.58.11,9304,intermapper,,mybank.cn
bkmobilegw.mybank.cn:9307,110.76.58.11,9307,ftp,,mybank.cn
bkmobilegw.mybank.cn:7707,110.76.58.11,7707,smtp,,mybank.cn
bkmobilegw.mybank.cn:30006,110.76.58.11,30006,kerberos_sec,,mybank.cn
bkmobilegw.mybank.cn:9305,110.76.58.11,9305,unknown,,mybank.cn
bkmobilegw.mybank.cn:49502,110.76.58.11,49502,activemq,,mybank.cn
bkmobilegw.mybank.cn:5523,110.76.58.11,5523,dgld,,mybank.cn
bkmobilegw.mybank.cn:7709,110.76.58.11,7709,JMS,,mybank.cn
pdc.mybank.cn:6981,110.76.54.11,6981,ssh,,mybank.cn
q.mybank.cn:7707,110.76.54.25,7707,unknown,,mybank.cn
pdc.mybank.cn:20002,110.76.54.11,20002,unknown,,mybank.cn
pdc.mybank.cn:106,110.76.54.11,106,unknown,,mybank.cn
https://fincenter.mybank.cn.w.cdngslb.com,119.96.90.231,443,https,,cdngslb.com
fincenter.mybank.cn.w.cdngslb.com,122.228.1.195,80,http,,cdngslb.com
pdc.mybank.cn:2701,110.76.54.11,2701,unknown,,mybank.cn
q.mybank.cn:7715,110.76.54.25,7715,unknown,,mybank.cn
fincenter.mybank.cn.w.cdngslb.com,124.239.239.237,80,http,,cdngslb.com
q.mybank.cn:9305,110.76.54.25,9305,unknown,,mybank.cn
pdc.mybank.cn:6603,110.76.54.11,6603,unknown,,mybank.cn
q.mybank.cn:9800,110.76.54.25,9800,quagga,,mybank.cn
q.mybank.cn:9304,110.76.54.25,9304,unknown,,mybank.cn
pdc.mybank.cn:9658,110.76.54.11,9658,kerberos_sec,,mybank.cn
pdc.mybank.cn:9060,110.76.54.11,9060,http,,mybank.cn
q.mybank.cn:8015,110.76.54.25,8015,unknown,,mybank.cn
q.mybank.cn:30006,110.76.54.25,30006,unknown,,mybank.cn
pdc.mybank.cn:45554,110.76.54.11,45554,http,,mybank.cn
q.mybank.cn:7709,110.76.54.25,7709,ftp,,mybank.cn
https://fincenter.mybank.cn.w.cdngslb.com,124.239.239.237,443,https,,cdngslb.com
q.mybank.cn:9303,110.76.54.25,9303,quagga,,mybank.cn
pdc.mybank.cn:8388,110.76.54.11,8388,ssh,,mybank.cn
pdc.mybank.cn:60010,110.76.54.11,60010,unknown,,mybank.cn
q.mybank.cn:49502,110.76.54.25,49502,unknown,,mybank.cn
cam.mybank.cn:49502,110.76.54.32,49502,ssh,,mybank.cn
cam.mybank.cn:10010,110.76.54.32,10010,unknown,,mybank.cn
cam.mybank.cn,110.76.54.32,80,http,,mybank.cn
i.mybank.cn:7704,110.76.54.60,7704,unknown,,mybank.cn
promo.mybank.cn:30006,110.76.54.60,30006,rtsp,,mybank.cn
cam.mybank.cn:9800,110.76.54.32,9800,unknown,,mybank.cn
promo.mybank.cn:7989,110.76.54.60,7989,directupdate,,mybank.cn
cam.mybank.cn:8015,110.76.54.32,8015,unknown,,mybank.cn
promo.mybank.cn:9303,110.76.54.60,9303,quagga,,mybank.cn
promo.mybank.cn:9304,110.76.54.60,9304,unknown,,mybank.cn
promo.mybank.cn:7704,110.76.54.60,7704,unknown,,mybank.cn
promo.mybank.cn:49502,110.76.54.60,49502,ftp,,mybank.cn
i.mybank.cn:9303,110.76.54.60,9303,quagga,,mybank.cn
cam.mybank.cn:9305,110.76.54.32,9305,imap,,mybank.cn
promo.mybank.cn:8015,110.76.54.60,8015,telnet,,mybank.cn
promo.mybank.cn:7715,110.76.54.60,7715,unknown,,mybank.cn
i.mybank.cn:9304,110.76.54.60,9304,unknown,,mybank.cn
i.mybank.cn:8015,110.76.54.60,8015,telnet,,mybank.cn
promo.mybank.cn:9305,110.76.54.60,9305,intermapper,,mybank.cn
i.mybank.cn:7989,110.76.54.60,7989,directupdate,,mybank.cn
cam.mybank.cn:9304,110.76.54.32,9304,unknown,,mybank.cn
i.mybank.cn:7715,110.76.54.60,7715,unknown,,mybank.cn
i.mybank.cn:9305,110.76.54.60,9305,intermapper,,mybank.cn
i.mybank.cn:30006,110.76.54.60,30006,rtsp,,mybank.cn
i.mybank.cn:49502,110.76.54.60,49502,ftp,,mybank.cn
loan.mybank.cn.presse-abo.com,23.19.92.115,80,http,极速赛车 -20221125--loan.mybank.cn.presse-abo.com,presse-abo.com
www.mybank.cn.presse-abo.com,23.19.92.115,80,http,冰雪女王,presse-abo.com
mybank.cn.presse-abo.com,23.19.92.115,80,http,超级蜂收 -20221125--mybank.cn.presse-abo.com,presse-abo.com
loan.mybank.cn.rockabyerims.com,23.19.93.89,80,http,"2022-Happiness Overflow""-loan.mybank.cn.rockabyerims.com",rockabyerims.com
www.mybank.cn.rockabyerims.com,23.19.93.89,80,http,拉美西斯财富-拉美西斯财富,rockabyerims.com
www.mybank.cn.fjzkf.com,108.177.173.80,80,http,青龙庙-20220914-www.mybank.cn.fjzkf.com,fjzkf.com
loan.mybank.cn.fjzkf.com,108.177.173.80,80,http,鲤鱼沙-20220914-loan.mybank.cn.fjzkf.com,fjzkf.com
q.mybank.cn:37215,110.76.54.25,37215,directupdate,,mybank.cn
bkmobilesync.mybank.cn:50075,110.76.58.6,50075,unknown,,mybank.cn
